Feature,count,mean,std,min,25%,50%,75%,max,%missing,card
Price (€),10000.0,265256.7850930001,750005.0157237584,5250.0,120000.0,200000.0,310000.0,57761218.0,0.0,2355
day,10000.0,16.0098,8.64296095313399,1.0,9.0,16.0,23.0,31.0,0.0,31
month,10000.0,7.1432,3.4481999315986607,1.0,4.0,7.0,10.0,12.0,0.0,12
year,10000.0,2016.5706,3.1208956469200304,2010.0,2014.0,2017.0,2019.0,2022.0,0.0,13
